symbol,publisheddate,price
acme,5/19/2024,50
acme,5/20/2024,49.76646755
acme,5/21/2024,51.35721442
acme,5/22/2024,51.40608015
acme,5/23/2024,53.08321608
acme,5/24/2024,52.2258508
acme,5/25/2024,53.69364313
acme,5/26/2024,53.28719336
acme,5/27/2024,54.42906198
acme,5/28/2024,54.9985519
acme,5/29/2024,54.46992808
acme,5/30/2024,54.00323568
acme,5/31/2024,52.91886737
acme,6/1/2024,53.12913725
acme,6/2/2024,51.77192916
acme,6/3/2024,53.01750841
acme,6/4/2024,54.63079408
acme,6/5/2024,55.40561191
acme,6/6/2024,56.80566549
acme,6/7/2024,56.88608761
acme,6/8/2024,57.37768558
acme,6/9/2024,57.70392602
acme,6/10/2024,56.95480502
acme,6/11/2024,57.97329218
acme,6/12/2024,57.29975158
acme,6/13/2024,59.03890622
acme,6/14/2024,58.54108379
acme,6/15/2024,59.01678387
acme,6/16/2024,58.91716422
acme,6/17/2024,59.44196535
acme,6/18/2024,59.67148117
acme,6/19/2024,59.98871013
acme,6/20/2024,59.7434776
acme,6/21/2024,60.51352573
acme,6/22/2024,59.82767275
acme,6/23/2024,61.21987778
acme,6/24/2024,61.16557964
acme,6/25/2024,61.36521378
acme,6/26/2024,61.52655729
acme,6/27/2024,62.55584262
acme,6/28/2024,62.42479138
acme,6/29/2024,61.92966807
acme,6/30/2024,61.2075249
acme,7/1/2024,61.12219774
acme,7/2/2024,59.98461261
acme,7/3/2024,60.71793044
acme,7/4/2024,60.4184607
acme,7/5/2024,59.62625158
acme,7/6/2024,61.12023581
acme,7/7/2024,60.35260939
acme,7/8/2024,60.69597015
acme,7/9/2024,59.66730637
acme,7/10/2024,60.70890226
acme,7/11/2024,60.25246638
acme,7/12/2024,60.69569338
acme,7/13/2024,59.97830534
acme,7/14/2024,58.91605276
acme,7/15/2024,58.56203354
acme,7/16/2024,59.81472549
acme,7/17/2024,60.23169172
acme,7/18/2024,60.72629757
acme,7/19/2024,58.99258774
acme,7/20/2024,59.74232052
acme,7/21/2024,58.67241655
acme,7/22/2024,58.79037495
acme,7/23/2024,59.35151422
acme,7/24/2024,59.70751658
acme,7/25/2024,59.3049988
acme,7/26/2024,59.17399982
acme,7/27/2024,58.53282464
acme,7/28/2024,57.9694854
acme,7/29/2024,58.69985205
acme,7/30/2024,57.96336636
acme,7/31/2024,58.11201188
acme,8/1/2024,57.48437668
acme,8/2/2024,55.8334544
acme,8/3/2024,55.83378518
acme,8/4/2024,55.8604966
acme,8/5/2024,55.21014552
acme,8/6/2024,54.84520193
acme,8/7/2024,54.90070141
acme,8/8/2024,54.47659727
acme,8/9/2024,54.75878903
acme,8/10/2024,54.85322089
acme,8/11/2024,54.10944816
acme,8/12/2024,52.92538185
acme,8/13/2024,53.64509922
acme,8/14/2024,52.99660037
acme,8/15/2024,52.82167957
acme,8/16/2024,53.51320647
acme,8/17/2024,53.49541627
acme,8/18/2024,52.37763528
acme,8/19/2024,52.78074638
acme,8/20/2024,51.79130493
acme,8/21/2024,52.81673051
acme,8/22/2024,51.55020513
acme,8/23/2024,52.17960483
acme,8/24/2024,52.17490749
acme,8/25/2024,51.4290256
acme,8/26/2024,51.1746242
acme,8/27/2024,51.39322388
acme,8/28/2024,52.83976812
acme,8/29/2024,52.5151869
acme,8/30/2024,52.21988169
acme,8/31/2024,52.93374879
acme,9/1/2024,52.4640237
acme,9/2/2024,52.75843046
acme,9/3/2024,53.65311795
acme,9/4/2024,53.74583688
acme,9/5/2024,52.16068678
acme,9/6/2024,51.06097088
acme,9/7/2024,50.38507087
acme,9/8/2024,49.51961307
acme,9/9/2024,49.1112238
acme,9/10/2024,49.21544428
acme,9/11/2024,49.44255411
acme,9/12/2024,49.38084593
acme,9/13/2024,48.99161559
acme,9/14/2024,47.48497959
acme,9/15/2024,47.71610861
acme,9/16/2024,47.47660382
acme,9/17/2024,46.45031835
acme,9/18/2024,46.52930898
acme,9/19/2024,47.5753382
acme,9/20/2024,46.49686292
acme,9/21/2024,46.50980122
acme,9/22/2024,46.71911001
acme,9/23/2024,46.88830964
acme,9/24/2024,46.74358371
acme,9/25/2024,45.23479747
acme,9/26/2024,45.04710568
acme,9/27/2024,45.37770158
acme,9/28/2024,46.17622152
acme,9/29/2024,46.26027785
acme,9/30/2024,46.40883219
acme,10/1/2024,45.76402454
acme,10/2/2024,44.68064701
acme,10/3/2024,44.28521992
acme,10/4/2024,43.97229229
acme,10/5/2024,45.76638937
acme,10/6/2024,45.27376373
acme,10/7/2024,44.83231635
acme,10/8/2024,44.29845476
acme,10/9/2024,44.20428166
acme,10/10/2024,43.29395733
acme,10/11/2024,44.82964092
acme,10/12/2024,44.90876443
acme,10/13/2024,43.83466994
acme,10/14/2024,45.29264996
acme,10/15/2024,45.2828827
acme,10/16/2024,45.70138765
acme,10/17/2024,45.17097844
acme,10/18/2024,44.40329105
acme,10/19/2024,44.7063534
acme,10/20/2024,46.53650134
acme,10/21/2024,47.72009663
acme,10/22/2024,46.55360323
acme,10/23/2024,47.65895029
acme,10/24/2024,49.1536703
acme,10/25/2024,48.27938284
acme,10/26/2024,48.15634251
acme,10/27/2024,48.86024622
acme,10/28/2024,47.64264327
acme,10/29/2024,46.98730599
acme,10/30/2024,48.31012373
acme,10/31/2024,47.33199715
acme,11/1/2024,46.10610032
acme,11/2/2024,47.05175264
acme,11/3/2024,47.49956676
acme,11/4/2024,47.34697655
acme,11/5/2024,48.27984247
acme,11/6/2024,47.12866311
acme,11/7/2024,46.7864909
acme,11/8/2024,46.37736315
acme,11/9/2024,46.79860697
acme,11/10/2024,47.55586441
acme,11/11/2024,46.46691652
acme,11/12/2024,47.48011801
acme,11/13/2024,46.44680617
acme,11/14/2024,44.82578072
acme,11/15/2024,45.53720305
acme,11/16/2024,45.75184353
acme,11/17/2024,47.49344749
acme,11/18/2024,47.15400924
acme,11/19/2024,47.80530906
acme,11/20/2024,47.84738228
acme,11/21/2024,47.75682544
acme,11/22/2024,48.07941126
acme,11/23/2024,49.41289332
acme,11/24/2024,49.94674961
acme,11/25/2024,48.64030972
acme,11/26/2024,48.73987075
acme,11/27/2024,48.66321612
acme,11/28/2024,48.35874612
acme,11/29/2024,47.69108522
acme,11/30/2024,48.16229013
acme,12/1/2024,48.11100194
acme,12/2/2024,48.19890936
acme,12/3/2024,48.46239881
acme,12/4/2024,48.87082563
acme,12/5/2024,48.3318212
acme,12/6/2024,49.18109486
acme,12/7/2024,49.95905865
acme,12/8/2024,49.2300952
acme,12/9/2024,49.21942938
acme,12/10/2024,49.20053737
acme,12/11/2024,49.43134025
acme,12/12/2024,48.03960862
acme,12/13/2024,47.99169616
acme,12/14/2024,48.938481
acme,12/15/2024,48.76136868
acme,12/16/2024,47.3316591
acme,12/17/2024,46.40102412
acme,12/18/2024,46.70177526
acme,12/19/2024,47.624242
acme,12/20/2024,47.03176755
acme,12/21/2024,47.24608825
acme,12/22/2024,48.12382775
acme,12/23/2024,48.1300619
acme,12/24/2024,47.65912303
acme,12/25/2024,48.64190142
acme,12/26/2024,49.73478612
acme,12/27/2024,50.48986434
acme,12/28/2024,51.16715023
acme,12/29/2024,52.38180042
acme,12/30/2024,53.30007707
acme,12/31/2024,53.57919205
acme,1/1/2025,53.12403883
acme,1/2/2025,53.88476971
acme,1/3/2025,55.77135218
acme,1/4/2025,56.86334956
acme,1/5/2025,55.5830881
acme,1/6/2025,54.74854414
acme,1/7/2025,54.53676934
acme,1/8/2025,55.05394496
acme,1/9/2025,54.24015647
acme,1/10/2025,55.01111672
acme,1/11/2025,54.77064519
acme,1/12/2025,55.11091764
acme,1/13/2025,53.24815507
acme,1/14/2025,52.54617714
acme,1/15/2025,52.22884758
acme,1/16/2025,53.18655884
acme,1/17/2025,53.89695109
acme,1/18/2025,53.67408131
acme,1/19/2025,52.30128187
acme,1/20/2025,52.5704793
acme,1/21/2025,51.92423859
acme,1/22/2025,51.41159097
acme,1/23/2025,51.43175548
acme,1/24/2025,51.62160749
acme,1/25/2025,51.32547364
acme,1/26/2025,50.55197084
acme,1/27/2025,51.97312808
acme,1/28/2025,51.07519143
acme,1/29/2025,50.58508488
acme,1/30/2025,50.41677115
acme,1/31/2025,50.28167986
acme,2/1/2025,49.37306273
acme,2/2/2025,50.68803784
acme,2/3/2025,50.77439059
acme,2/4/2025,50.53254
acme,2/5/2025,51.3286318
acme,2/6/2025,50.17487497
acme,2/7/2025,48.84865269
acme,2/8/2025,48.02997611
acme,2/9/2025,47.95787663
acme,2/10/2025,49.43178123
acme,2/11/2025,50.95481532
acme,2/12/2025,51.19251238
acme,2/13/2025,51.71500086
acme,2/14/2025,53.08608777
acme,2/15/2025,52.85497738
acme,2/16/2025,52.63384092
acme,2/17/2025,52.62867833
acme,2/18/2025,53.01888584
acme,2/19/2025,54.34252847
acme,2/20/2025,53.82648798
acme,2/21/2025,53.60490766
acme,2/22/2025,53.24278734
acme,2/23/2025,55.07532536
acme,2/24/2025,54.51133125
acme,2/25/2025,55.46667693
acme,2/26/2025,55.44404532
acme,2/27/2025,54.40572495
acme,2/28/2025,54.9328924
acme,3/1/2025,55.6844012
acme,3/2/2025,55.65609773
acme,3/3/2025,56.80842487
acme,3/4/2025,57.14029797
acme,3/5/2025,56.69048673
acme,3/6/2025,55.98551545
acme,3/7/2025,57.00969052
acme,3/8/2025,56.16172664
acme,3/9/2025,57.49340732
acme,3/10/2025,57.16152293
acme,3/11/2025,57.65889869
acme,3/12/2025,58.95063289
acme,3/13/2025,58.45833911
acme,3/14/2025,57.42167612
acme,3/15/2025,57.07295122
acme,3/16/2025,56.29115436
acme,3/17/2025,57.03516453
acme,3/18/2025,56.06559898
acme,3/19/2025,56.73052196
acme,3/20/2025,56.51881813
acme,3/21/2025,55.88887946
acme,3/22/2025,55.20207117
acme,3/23/2025,54.28766079
acme,3/24/2025,53.47407474
acme,3/25/2025,52.13159875
acme,3/26/2025,52.31335778
acme,3/27/2025,52.43884049
acme,3/28/2025,53.1513102
acme,3/29/2025,52.94670772
acme,3/30/2025,53.55286428
acme,3/31/2025,55.21437863
acme,4/1/2025,53.56326171
acme,4/2/2025,53.65689006
acme,4/3/2025,53.88454267
acme,4/4/2025,52.39276115
acme,4/5/2025,53.17480416
acme,4/6/2025,53.77040105
acme,4/7/2025,53.52033263
acme,4/8/2025,52.34782234
acme,4/9/2025,51.54846147
acme,4/10/2025,51.85291026
acme,4/11/2025,51.79490676
acme,4/12/2025,51.71883496
acme,4/13/2025,51.65280439
acme,4/14/2025,51.49333787
acme,4/15/2025,49.77240676
acme,4/16/2025,49.96650975
acme,4/17/2025,49.45122548
acme,4/18/2025,50.27170057
acme,4/19/2025,50.99059839
acme,4/20/2025,51.23356104
acme,4/21/2025,52.43440063
acme,4/22/2025,52.63891811
acme,4/23/2025,52.620655
acme,4/24/2025,53.35239636
acme,4/25/2025,53.56715767
acme,4/26/2025,53.53898818
acme,4/27/2025,52.62508799
acme,4/28/2025,52.7785895
acme,4/29/2025,52.49942943
acme,4/30/2025,51.75775393
acme,5/1/2025,53.11726916
acme,5/2/2025,54.03429737
acme,5/3/2025,53.29038843
acme,5/4/2025,54.58601126
acme,5/5/2025,54.17886291
acme,5/6/2025,53.54341565
acme,5/7/2025,52.95539942
acme,5/8/2025,53.89078093
acme,5/9/2025,53.64605699
acme,5/10/2025,54.08141963
acme,5/11/2025,54.30933797
acme,5/12/2025,54.75935082
acme,5/13/2025,55.17750646
acme,5/14/2025,55.91342178
acme,5/15/2025,57.80940095
acme,5/16/2025,57.39546849
acme,5/17/2025,57.45258071
acme,5/18/2025,56.08323694
acme,5/19/2025,56.21643991
acme,5/20/2025,56.66242383
acme,5/21/2025,55.79546012
acme,5/22/2025,55.98522308
acme,5/23/2025,55.13462535
acme,5/24/2025,56.04647077
acme,5/25/2025,55.41380605
acme,5/26/2025,54.16924296
acme,5/27/2025,53.31992696
acme,5/28/2025,52.16609667
acme,5/29/2025,52.41813772
acme,5/30/2025,52.23825671
acme,5/31/2025,51.88371724
acme,6/1/2025,50.39803999
acme,6/2/2025,51.24411496
acme,6/3/2025,51.51472931
acme,6/4/2025,52.08144486
acme,6/5/2025,51.82231968
acme,6/6/2025,53.21560715
acme,6/7/2025,54.87006931
acme,6/8/2025,53.9712443
acme,6/9/2025,53.58172348
acme,6/10/2025,52.95941125
acme,6/11/2025,53.2339029
acme,6/12/2025,52.99661577
acme,6/13/2025,53.05575826
acme,6/14/2025,52.6362483
acme,6/15/2025,51.57647401
acme,6/16/2025,52.2329463
acme,6/17/2025,53.26422984
acme,6/18/2025,53.10382756
acme,6/19/2025,52.31431317
acme,6/20/2025,50.68092097
acme,6/21/2025,50.70999485
acme,6/22/2025,51.77474067
acme,6/23/2025,51.42921303
acme,6/24/2025,51.52717149
acme,6/25/2025,52.25251475
acme,6/26/2025,51.67809509
acme,6/27/2025,50.70897933
acme,6/28/2025,49.83264677
acme,6/29/2025,49.81188141
acme,6/30/2025,49.71570917
acme,7/1/2025,48.74380749
acme,7/2/2025,48.58173696
acme,7/3/2025,47.28236378
acme,7/4/2025,47.45129302
acme,7/5/2025,47.41516287
acme,7/6/2025,47.93235982
acme,7/7/2025,49.30928915
acme,7/8/2025,49.46468761
acme,7/9/2025,49.21118946
acme,7/10/2025,49.75578213
acme,7/11/2025,50.82195104
acme,7/12/2025,50.12994778
acme,7/13/2025,49.72231893
acme,7/14/2025,49.02206281
acme,7/15/2025,49.26876645
acme,7/16/2025,48.44141035
acme,7/17/2025,48.47987042
acme,7/18/2025,48.8848818
acme,7/19/2025,48.18535641
acme,7/20/2025,48.43778638
acme,7/21/2025,48.67124034
acme,7/22/2025,49.44691994
acme,7/23/2025,49.15328897
acme,7/24/2025,48.5091441
acme,7/25/2025,48.4389871
acme,7/26/2025,48.62732549
acme,7/27/2025,49.02849162
acme,7/28/2025,48.54480205
acme,7/29/2025,47.98090513
acme,7/30/2025,46.62974176
acme,7/31/2025,47.92510084
acme,8/1/2025,47.03743569
acme,8/2/2025,46.64871469
acme,8/3/2025,45.89130653
acme,8/4/2025,44.48461721
acme,8/5/2025,45.53919573
acme,8/6/2025,46.71860104
acme,8/7/2025,47.26472612
acme,8/8/2025,48.15134505
acme,8/9/2025,48.92941958
acme,8/10/2025,48.21172734
acme,8/11/2025,48.09150782
acme,8/12/2025,47.9880385
acme,8/13/2025,48.49940325
acme,8/14/2025,48.47198287
acme,8/15/2025,48.80438732
acme,8/16/2025,47.99771517
acme,8/17/2025,48.19086392
acme,8/18/2025,47.49059468
acme,8/19/2025,48.366408
acme,8/20/2025,48.7017916
acme,8/21/2025,50.19653846
acme,8/22/2025,51.54140797
acme,8/23/2025,51.95223937
acme,8/24/2025,51.51395242
acme,8/25/2025,51.60897392
acme,8/26/2025,50.53564306
acme,8/27/2025,50.72219284
acme,8/28/2025,49.56489107
acme,8/29/2025,49.69511703
acme,8/30/2025,50.90430478
acme,8/31/2025,51.66562625
acme,9/1/2025,50.66041235
acme,9/2/2025,50.18781674
acme,9/3/2025,49.27648495
acme,9/4/2025,48.72960104
acme,9/5/2025,50.57083444
acme,9/6/2025,51.3977983
acme,9/7/2025,52.52894028
acme,9/8/2025,52.8973415
acme,9/9/2025,51.91126598
acme,9/10/2025,53.61443515
acme,9/11/2025,53.30094339
acme,9/12/2025,52.34937883
acme,9/13/2025,52.46598696
acme,9/14/2025,51.33287841
acme,9/15/2025,52.71901077
acme,9/16/2025,54.01181304
acme,9/17/2025,53.41397977
acme,9/18/2025,53.00003902
acme,9/19/2025,51.91788037
acme,9/20/2025,51.24206306
acme,9/21/2025,51.30289878
acme,9/22/2025,51.61701722
acme,9/23/2025,53.15351
acme,9/24/2025,52.65293862
acme,9/25/2025,53.44085324
acme,9/26/2025,53.8611825
acme,9/27/2025,54.20390359
acme,9/28/2025,54.52766625
acme,9/29/2025,55.06519991
acme,9/30/2025,54.18927307
acme,10/1/2025,54.44365131
bologna,5/19/2024,80
bologna,5/20/2024,79.48317892
bologna,5/21/2024,78.59573658
bologna,5/22/2024,78.57144043
bologna,5/23/2024,76.89751134
bologna,5/24/2024,77.66589523
bologna,5/25/2024,78.0576075
bologna,5/26/2024,78.77341728
bologna,5/27/2024,78.94735041
bologna,5/28/2024,79.56989297
bologna,5/29/2024,78.81464995
bologna,5/30/2024,79.57155306
bologna,5/31/2024,78.94674606
bologna,6/1/2024,79.24830828
bologna,6/2/2024,78.58379451
bologna,6/3/2024,79.28805742
bologna,6/4/2024,79.11735277
bologna,6/5/2024,80.76887151
bologna,6/6/2024,80.22789957
bologna,6/7/2024,81.31347815
bologna,6/8/2024,82.48569774
bologna,6/9/2024,81.38919549
bologna,6/10/2024,82.12968667
bologna,6/11/2024,81.93393389
bologna,6/12/2024,80.67076818
bologna,6/13/2024,81.48109507
bologna,6/14/2024,82.13760732
bologna,6/15/2024,81.30254506
bologna,6/16/2024,80.57229205
bologna,6/17/2024,80.86154104
bologna,6/18/2024,80.3394274
bologna,6/19/2024,79.10521222
bologna,6/20/2024,79.96695236
bologna,6/21/2024,80.49781124
bologna,6/22/2024,81.225124
bologna,6/23/2024,80.89625282
bologna,6/24/2024,81.19697918
bologna,6/25/2024,81.11131785
bologna,6/26/2024,79.97974989
bologna,6/27/2024,80.9317793
bologna,6/28/2024,81.18579289
bologna,6/29/2024,80.95762692
bologna,6/30/2024,81.96498298
bologna,7/1/2024,82.40135405
bologna,7/2/2024,83.33705868
bologna,7/3/2024,84.79790496
bologna,7/4/2024,83.93669566
bologna,7/5/2024,84.67699539
bologna,7/6/2024,84.57194645
bologna,7/7/2024,85.00666604
bologna,7/8/2024,84.44080109
bologna,7/9/2024,83.69125315
bologna,7/10/2024,83.8705169
bologna,7/11/2024,82.33431513
bologna,7/12/2024,82.5232775
bologna,7/13/2024,82.34059877
bologna,7/14/2024,83.21890301
bologna,7/15/2024,83.42197027
bologna,7/16/2024,83.31355036
bologna,7/17/2024,84.09313889
bologna,7/18/2024,82.94127486
bologna,7/19/2024,83.85601502
bologna,7/20/2024,82.52336957
bologna,7/21/2024,84.00495255
bologna,7/22/2024,84.62601784
bologna,7/23/2024,84.80449573
bologna,7/24/2024,83.16092661
bologna,7/25/2024,82.89586821
bologna,7/26/2024,83.03363541
bologna,7/27/2024,83.23660646
bologna,7/28/2024,84.41445235
bologna,7/29/2024,86.21964747
bologna,7/30/2024,86.41636851
bologna,7/31/2024,87.2068994
bologna,8/1/2024,88.61515056
bologna,8/2/2024,88.50954901
bologna,8/3/2024,87.79424907
bologna,8/4/2024,87.93436735
bologna,8/5/2024,88.26399933
bologna,8/6/2024,86.71459576
bologna,8/7/2024,87.23971792
bologna,8/8/2024,86.08222942
bologna,8/9/2024,85.23659143
bologna,8/10/2024,84.66096786
bologna,8/11/2024,84.39138
bologna,8/12/2024,83.59000485
bologna,8/13/2024,82.84833092
bologna,8/14/2024,83.43306897
bologna,8/15/2024,84.03952959
bologna,8/16/2024,83.44623048
bologna,8/17/2024,83.14833041
bologna,8/18/2024,83.64809429
bologna,8/19/2024,83.56469898
bologna,8/20/2024,83.30666382
bologna,8/21/2024,84.10963449
bologna,8/22/2024,84.08525447
bologna,8/23/2024,84.28711445
bologna,8/24/2024,83.88174986
bologna,8/25/2024,84.0053594
bologna,8/26/2024,83.91975019
bologna,8/27/2024,83.56539899
bologna,8/28/2024,82.72129312
bologna,8/29/2024,84.0845367
bologna,8/30/2024,83.2717012
bologna,8/31/2024,83.64825543
bologna,9/1/2024,84.01611824
bologna,9/2/2024,83.23986546
bologna,9/3/2024,83.17302651
bologna,9/4/2024,84.19351018
bologna,9/5/2024,84.75830609
bologna,9/6/2024,84.19603893
bologna,9/7/2024,82.59313293
bologna,9/8/2024,82.54192663
bologna,9/9/2024,83.40857798
bologna,9/10/2024,83.11237546
bologna,9/11/2024,82.51785998
bologna,9/12/2024,82.02014441
bologna,9/13/2024,81.92931257
bologna,9/14/2024,83.2851783
bologna,9/15/2024,84.02769278
bologna,9/16/2024,82.07419118
bologna,9/17/2024,82.30567734
bologna,9/18/2024,82.1653886
bologna,9/19/2024,80.42736001
bologna,9/20/2024,78.67527653
bologna,9/21/2024,77.95714341
bologna,9/22/2024,78.53395082
bologna,9/23/2024,78.63078751
bologna,9/24/2024,78.73948575
bologna,9/25/2024,77.61944748
bologna,9/26/2024,77.17787479
bologna,9/27/2024,77.35363583
bologna,9/28/2024,77.3473294
bologna,9/29/2024,75.69820749
bologna,9/30/2024,76.17529101
bologna,10/1/2024,75.36085774
bologna,10/2/2024,74.35856326
bologna,10/3/2024,75.23200841
bologna,10/4/2024,75.89649363
bologna,10/5/2024,76.23486095
bologna,10/6/2024,77.02208221
bologna,10/7/2024,77.0440626
bologna,10/8/2024,76.87808481
bologna,10/9/2024,77.52534894
bologna,10/10/2024,77.80787922
bologna,10/11/2024,77.7031674
bologna,10/12/2024,77.24850062
bologna,10/13/2024,78.33093593
bologna,10/14/2024,78.40501659
bologna,10/15/2024,79.678774
bologna,10/16/2024,80.85922945
bologna,10/17/2024,79.52262537
bologna,10/18/2024,79.27861492
bologna,10/19/2024,77.99429889
bologna,10/20/2024,77.31962228
bologna,10/21/2024,77.84756005
bologna,10/22/2024,78.12984698
bologna,10/23/2024,77.67065769
bologna,10/24/2024,77.3271098
bologna,10/25/2024,76.63413095
bologna,10/26/2024,75.10432725
bologna,10/27/2024,73.23079423
bologna,10/28/2024,72.47325282
bologna,10/29/2024,72.41897236
bologna,10/30/2024,72.64769548
bologna,10/31/2024,73.20285612
bologna,11/1/2024,72.24912591
bologna,11/2/2024,72.01642801
bologna,11/3/2024,73.02119247
bologna,11/4/2024,74.02588814
bologna,11/5/2024,74.62677804
bologna,11/6/2024,73.46019382
bologna,11/7/2024,74.17317692
bologna,11/8/2024,72.79626496
bologna,11/9/2024,71.82664753
bologna,11/10/2024,70.97497277
bologna,11/11/2024,71.70933764
bologna,11/12/2024,70.98463925
bologna,11/13/2024,71.08238815
bologna,11/14/2024,70.70117563
bologna,11/15/2024,70.78974448
bologna,11/16/2024,71.27683757
bologna,11/17/2024,69.87591762
bologna,11/18/2024,68.85145871
bologna,11/19/2024,68.65445009
bologna,11/20/2024,69.21655038
bologna,11/21/2024,69.38835997
bologna,11/22/2024,69.09290463
bologna,11/23/2024,67.99157208
bologna,11/24/2024,67.71079828
bologna,11/25/2024,66.82861109
bologna,11/26/2024,67.50906177
bologna,11/27/2024,66.04265226
bologna,11/28/2024,66.76571361
bologna,11/29/2024,65.30460466
bologna,11/30/2024,64.75755571
bologna,12/1/2024,64.21110262
bologna,12/2/2024,64.28709873
bologna,12/3/2024,63.43163111
bologna,12/4/2024,64.22559544
bologna,12/5/2024,63.14422622
bologna,12/6/2024,64.09774956
bologna,12/7/2024,63.65246505
bologna,12/8/2024,62.37048056
bologna,12/9/2024,63.7933851
bologna,12/10/2024,64.82775651
bologna,12/11/2024,64.38994441
bologna,12/12/2024,64.94323979
bologna,12/13/2024,64.29840063
bologna,12/14/2024,65.52396333
bologna,12/15/2024,65.95553039
bologna,12/16/2024,65.52386338
bologna,12/17/2024,66.53168021
bologna,12/18/2024,67.62205231
bologna,12/19/2024,67.56272631
bologna,12/20/2024,66.00069779
bologna,12/21/2024,65.50432539
bologna,12/22/2024,64.68032972
bologna,12/23/2024,65.3262349
bologna,12/24/2024,66.50890119
bologna,12/25/2024,66.22189818
bologna,12/26/2024,66.54822132
bologna,12/27/2024,66.77858882
bologna,12/28/2024,65.94617156
bologna,12/29/2024,65.7228324
bologna,12/30/2024,65.84915522
bologna,12/31/2024,64.7581878
bologna,1/1/2025,64.12367276
bologna,1/2/2025,63.30153873
bologna,1/3/2025,63.30182696
bologna,1/4/2025,62.69801853
bologna,1/5/2025,63.66436938
bologna,1/6/2025,64.76621901
bologna,1/7/2025,66.18577964
bologna,1/8/2025,66.6138486
bologna,1/9/2025,66.05866878
bologna,1/10/2025,65.39023702
bologna,1/11/2025,64.23629818
bologna,1/12/2025,65.23978007
bologna,1/13/2025,64.60885139
bologna,1/14/2025,63.48836426
bologna,1/15/2025,62.87971453
bologna,1/16/2025,63.01691476
bologna,1/17/2025,62.59487591
bologna,1/18/2025,61.80952246
bologna,1/19/2025,61.27507663
bologna,1/20/2025,61.32391453
bologna,1/21/2025,61.01685354
bologna,1/22/2025,60.90059974
bologna,1/23/2025,60.59514781
bologna,1/24/2025,59.33623574
bologna,1/25/2025,59.06678638
bologna,1/26/2025,57.71468879
bologna,1/27/2025,57.90942187
bologna,1/28/2025,58.12240516
bologna,1/29/2025,58.60578524
bologna,1/30/2025,59.74216344
bologna,1/31/2025,60.36914958
bologna,2/1/2025,60.1718915
bologna,2/2/2025,60.46236391
bologna,2/3/2025,60.60855332
bologna,2/4/2025,60.22420824
bologna,2/5/2025,59.94787097
bologna,2/6/2025,59.94880055
bologna,2/7/2025,59.84991956
bologna,2/8/2025,60.56271137
bologna,2/9/2025,61.03043111
bologna,2/10/2025,61.51399461
bologna,2/11/2025,60.38551399
bologna,2/12/2025,61.65197505
bologna,2/13/2025,60.57203886
bologna,2/14/2025,59.1794671
bologna,2/15/2025,59.35778354
bologna,2/16/2025,57.62252772
bologna,2/17/2025,58.23104602
bologna,2/18/2025,57.75534943
bologna,2/19/2025,58.93815596
bologna,2/20/2025,57.7432094
bologna,2/21/2025,56.79300658
bologna,2/22/2025,56.77985438
bologna,2/23/2025,57.98731096
bologna,2/24/2025,57.43392469
bologna,2/25/2025,57.42002101
bologna,2/26/2025,57.63948922
bologna,2/27/2025,56.71707002
bologna,2/28/2025,57.16420295
bologna,3/1/2025,57.70889479
bologna,3/2/2025,59.38736759
bologna,3/3/2025,58.33753468
bologna,3/4/2025,58.28556738
bologna,3/5/2025,56.99676196
bologna,3/6/2025,57.12603596
bologna,3/7/2025,56.97435236
bologna,3/8/2025,58.08204207
bologna,3/9/2025,57.12242121
bologna,3/10/2025,56.53861038
bologna,3/11/2025,55.47934282
bologna,3/12/2025,55.02624627
bologna,3/13/2025,54.76710748
bologna,3/14/2025,55.15510594
bologna,3/15/2025,56.03993527
bologna,3/16/2025,56.1960057
bologna,3/17/2025,55.77642557
bologna,3/18/2025,56.02374126
bologna,3/19/2025,54.66522188
bologna,3/20/2025,54.87259079
bologna,3/21/2025,55.24013654
bologna,3/22/2025,54.71026577
bologna,3/23/2025,53.97271332
bologna,3/24/2025,53.48500063
bologna,3/25/2025,54.82187699
bologna,3/26/2025,54.72691311
bologna,3/27/2025,54.6146778
bologna,3/28/2025,53.72745337
bologna,3/29/2025,54.18971256
bologna,3/30/2025,55.32142196
bologna,3/31/2025,54.66504879
bologna,4/1/2025,55.38579807
bologna,4/2/2025,55.54206604
bologna,4/3/2025,55.84558633
bologna,4/4/2025,55.93027788
bologna,4/5/2025,56.18295587
bologna,4/6/2025,55.73050083
bologna,4/7/2025,54.92641009
bologna,4/8/2025,56.03419495
bologna,4/9/2025,54.93598334
bologna,4/10/2025,53.31090539
bologna,4/11/2025,53.79205196
bologna,4/12/2025,52.9736777
bologna,4/13/2025,51.05106619
bologna,4/14/2025,50.91217678
bologna,4/15/2025,50.81637131
bologna,4/16/2025,50.42448638
bologna,4/17/2025,50.6096411
bologna,4/18/2025,49.86198099
bologna,4/19/2025,49.69497384
bologna,4/20/2025,49.67788598
bologna,4/21/2025,50.16772586
bologna,4/22/2025,49.78206482
bologna,4/23/2025,49.92405566
bologna,4/24/2025,50.12243088
bologna,4/25/2025,48.82889746
bologna,4/26/2025,48.43429935
bologna,4/27/2025,48.12064556
bologna,4/28/2025,48.35113071
bologna,4/29/2025,48.25359269
bologna,4/30/2025,48.01552182
bologna,5/1/2025,49.56006054
bologna,5/2/2025,50.28431296
bologna,5/3/2025,49.22617883
bologna,5/4/2025,49.69422495
bologna,5/5/2025,49.76529977
bologna,5/6/2025,49.04998397
bologna,5/7/2025,50.44833097
bologna,5/8/2025,51.72663863
bologna,5/9/2025,51.84559866
bologna,5/10/2025,51.96601118
bologna,5/11/2025,50.62728709
bologna,5/12/2025,50.20059943
bologna,5/13/2025,49.5805567
bologna,5/14/2025,49.42043133
bologna,5/15/2025,49.62513263
bologna,5/16/2025,49.40389311
bologna,5/17/2025,49.98499874
bologna,5/18/2025,50.43584622
bologna,5/19/2025,49.41234897
bologna,5/20/2025,49.40510931
bologna,5/21/2025,49.08326041
bologna,5/22/2025,49.36773577
bologna,5/23/2025,49.2138979
bologna,5/24/2025,48.33951335
bologna,5/25/2025,48.1488345
bologna,5/26/2025,48.93013456
bologna,5/27/2025,48.99889295
bologna,5/28/2025,50.08988975
bologna,5/29/2025,49.51307853
bologna,5/30/2025,49.68029961
bologna,5/31/2025,51.19004835
bologna,6/1/2025,50.70741901
bologna,6/2/2025,51.16907943
bologna,6/3/2025,49.86456088
bologna,6/4/2025,49.53433375
bologna,6/5/2025,48.08219517
bologna,6/6/2025,48.88770699
bologna,6/7/2025,47.91974404
bologna,6/8/2025,48.54949333
bologna,6/9/2025,47.34974004
bologna,6/10/2025,47.47998405
bologna,6/11/2025,46.15234521
bologna,6/12/2025,46.43557076
bologna,6/13/2025,47.90506834
bologna,6/14/2025,47.79582083
bologna,6/15/2025,48.02977449
bologna,6/16/2025,48.40752573
bologna,6/17/2025,47.24681605
bologna,6/18/2025,47.32306359
bologna,6/19/2025,48.05172828
bologna,6/20/2025,48.35011727
bologna,6/21/2025,48.07381004
bologna,6/22/2025,46.71108927
bologna,6/23/2025,46.28667304
bologna,6/24/2025,46.21643705
bologna,6/25/2025,46.12396223
bologna,6/26/2025,47.57906528
bologna,6/27/2025,48.5859
bologna,6/28/2025,48.99029302
bologna,6/29/2025,50.65341947
bologna,6/30/2025,49.88164412
bologna,7/1/2025,50.20580432
bologna,7/2/2025,51.57366418
bologna,7/3/2025,50.34858248
bologna,7/4/2025,50.23111326
bologna,7/5/2025,50.2677039
bologna,7/6/2025,50.46156914
bologna,7/7/2025,51.17097574
bologna,7/8/2025,50.15205425
bologna,7/9/2025,50.17383134
bologna,7/10/2025,49.8259479
bologna,7/11/2025,49.88556548
bologna,7/12/2025,49.28238853
bologna,7/13/2025,48.35007523
bologna,7/14/2025,48.00782331
bologna,7/15/2025,47.10640974
bologna,7/16/2025,47.49193108
bologna,7/17/2025,46.93238659
bologna,7/18/2025,47.49369133
bologna,7/19/2025,46.54364817
bologna,7/20/2025,46.62763538
bologna,7/21/2025,46.510136
bologna,7/22/2025,46.30395745
bologna,7/23/2025,45.81047522
bologna,7/24/2025,47.11691012
bologna,7/25/2025,47.89499516
bologna,7/26/2025,47.43202475
bologna,7/27/2025,47.50569744
bologna,7/28/2025,46.08706381
bologna,7/29/2025,46.28311188
bologna,7/30/2025,47.88533132
bologna,7/31/2025,47.09678927
bologna,8/1/2025,46.43381298
bologna,8/2/2025,46.84143448
bologna,8/3/2025,46.95643491
bologna,8/4/2025,46.65135867
bologna,8/5/2025,45.41399592
bologna,8/6/2025,45.23669795
bologna,8/7/2025,44.21060432
bologna,8/8/2025,44.39096623
bologna,8/9/2025,46.03036784
bologna,8/10/2025,46.33416835
bologna,8/11/2025,46.72052688
bologna,8/12/2025,46.6860077
bologna,8/13/2025,45.64737858
bologna,8/14/2025,45.05250829
bologna,8/15/2025,45.03041743
bologna,8/16/2025,45.67783188
bologna,8/17/2025,45.7233342
bologna,8/18/2025,45.30614827
bologna,8/19/2025,45.34876383
bologna,8/20/2025,43.72018945
bologna,8/21/2025,43.68893795
bologna,8/22/2025,45.30131218
bologna,8/23/2025,46.26594523
bologna,8/24/2025,46.76685089
bologna,8/25/2025,46.06104298
bologna,8/26/2025,45.99502702
bologna,8/27/2025,47.13152621
bologna,8/28/2025,47.33230988
bologna,8/29/2025,47.55348934
bologna,8/30/2025,47.34660897
bologna,8/31/2025,48.65628085
bologna,9/1/2025,49.25422606
bologna,9/2/2025,47.38122823
bologna,9/3/2025,46.50944182
bologna,9/4/2025,45.72904386
bologna,9/5/2025,46.67509231
bologna,9/6/2025,47.70069822
bologna,9/7/2025,48.11435934
bologna,9/8/2025,48.22883196
bologna,9/9/2025,48.22280377
bologna,9/10/2025,50.05969784
bologna,9/11/2025,50.86934254
bologna,9/12/2025,50.04229207
bologna,9/13/2025,48.67298292
bologna,9/14/2025,49.03039142
bologna,9/15/2025,49.1758254
bologna,9/16/2025,49.07072428
bologna,9/17/2025,49.82476156
bologna,9/18/2025,51.11080709
bologna,9/19/2025,51.54225461
bologna,9/20/2025,52.44311073
bologna,9/21/2025,52.80963775
bologna,9/22/2025,53.59230133
bologna,9/23/2025,53.76911359
bologna,9/24/2025,52.90236938
bologna,9/25/2025,53.70393263
bologna,9/26/2025,54.24426331
bologna,9/27/2025,54.17342372
bologna,9/28/2025,54.58080826
bologna,9/29/2025,53.96222289
bologna,9/30/2025,53.44599984
bologna,10/1/2025,53.97850387
celery,5/19/2024,30
celery,5/20/2024,31.09219368
celery,5/21/2024,29.40783331
celery,5/22/2024,29.56940599
celery,5/23/2024,30.22447245
celery,5/24/2024,30.47166793
celery,5/25/2024,29.18528708
celery,5/26/2024,28.30400308
celery,5/27/2024,28.84264794
celery,5/28/2024,29.20270392
celery,5/29/2024,29.40528401
celery,5/30/2024,29.27653002
celery,5/31/2024,30.50512783
celery,6/1/2024,32.10712738
celery,6/2/2024,31.52339508
celery,6/3/2024,30.0743051
celery,6/4/2024,30.26831744
celery,6/5/2024,29.48021407
celery,6/6/2024,29.81708675
celery,6/7/2024,29.87827255
celery,6/8/2024,28.92294258
celery,6/9/2024,30.09201595
celery,6/10/2024,31.31805547
celery,6/11/2024,32.26590062
celery,6/12/2024,32.43800901
celery,6/13/2024,31.37157657
celery,6/14/2024,30.9602313
celery,6/15/2024,30.61090497
celery,6/16/2024,30.94978641
celery,6/17/2024,30.48331049
celery,6/18/2024,29.50915749
celery,6/19/2024,30.15616696
celery,6/20/2024,31.52359413
celery,6/21/2024,32.20643886
celery,6/22/2024,32.03539295
celery,6/23/2024,31.50246257
celery,6/24/2024,31.89124067
celery,6/25/2024,31.50917345
celery,6/26/2024,31.9807039
celery,6/27/2024,31.67657066
celery,6/28/2024,32.89493071
celery,6/29/2024,31.93929253
celery,6/30/2024,32.29533117
celery,7/1/2024,31.69232254
celery,7/2/2024,32.79760337
celery,7/3/2024,34.11767882
celery,7/4/2024,35.40980407
celery,7/5/2024,36.15598803
celery,7/6/2024,35.79052408
celery,7/7/2024,35.38281924
celery,7/8/2024,35.91582483
celery,7/9/2024,34.78496319
celery,7/10/2024,34.43523206
celery,7/11/2024,34.47748496
celery,7/12/2024,33.75529993
celery,7/13/2024,32.85365718
celery,7/14/2024,33.24852282
celery,7/15/2024,33.60418435
celery,7/16/2024,34.03099396
celery,7/17/2024,34.04616947
celery,7/18/2024,34.36808533
celery,7/19/2024,34.9194344
celery,7/20/2024,35.16529647
celery,7/21/2024,34.84694382
celery,7/22/2024,35.83810586
celery,7/23/2024,35.46706785
celery,7/24/2024,35.31713186
celery,7/25/2024,33.93664763
celery,7/26/2024,33.02622345
celery,7/27/2024,32.16848728
celery,7/28/2024,31.77286745
celery,7/29/2024,31.21071843
celery,7/30/2024,31.57822907
celery,7/31/2024,31.23301361
celery,8/1/2024,31.42583491
celery,8/2/2024,32.22508289
celery,8/3/2024,33.37137812
celery,8/4/2024,33.45208501
celery,8/5/2024,32.49829276
celery,8/6/2024,31.73141484
celery,8/7/2024,31.88975365
celery,8/8/2024,32.36074252
celery,8/9/2024,31.33694232
celery,8/10/2024,29.87819931
celery,8/11/2024,29.55686899
celery,8/12/2024,30.01108252
celery,8/13/2024,31.40661574
celery,8/14/2024,30.62757632
celery,8/15/2024,30.41336815
celery,8/16/2024,29.55506988
celery,8/17/2024,30.85676983
celery,8/18/2024,30.71675703
celery,8/19/2024,29.99423196
celery,8/20/2024,30.02303421
celery,8/21/2024,30.29342447
celery,8/22/2024,30.40634072
celery,8/23/2024,29.26925348
celery,8/24/2024,28.02033731
celery,8/25/2024,27.83200092
celery,8/26/2024,28.17075823
celery,8/27/2024,27.69122656
celery,8/28/2024,28.67566568
celery,8/29/2024,29.53269101
celery,8/30/2024,30.41314179
celery,8/31/2024,29.58459476
celery,9/1/2024,29.56811215
celery,9/2/2024,29.56259912
celery,9/3/2024,29.15822332
celery,9/4/2024,30.44353676
celery,9/5/2024,30.5943893
celery,9/6/2024,29.95046817
celery,9/7/2024,30.15665515
celery,9/8/2024,31.55977678
celery,9/9/2024,31.10512258
celery,9/10/2024,30.20027864
celery,9/11/2024,31.12887208
celery,9/12/2024,31.5493193
celery,9/13/2024,31.15427555
celery,9/14/2024,29.94928205
celery,9/15/2024,31.28978431
celery,9/16/2024,29.84690913
celery,9/17/2024,30.27084067
celery,9/18/2024,29.88168899
celery,9/19/2024,28.97675308
celery,9/20/2024,29.28571163
celery,9/21/2024,29.98173866
celery,9/22/2024,29.28953293
celery,9/23/2024,30.34277272
celery,9/24/2024,30.05467684
celery,9/25/2024,29.5092585
celery,9/26/2024,28.98079646
celery,9/27/2024,29.53988571
celery,9/28/2024,31.16451943
celery,9/29/2024,32.73478845
celery,9/30/2024,32.03167224
celery,10/1/2024,31.49408694
celery,10/2/2024,32.04875786
celery,10/3/2024,33.46707734
celery,10/4/2024,32.00292925
celery,10/5/2024,31.08702584
celery,10/6/2024,31.36613055
celery,10/7/2024,31.97457263
celery,10/8/2024,32.40244166
celery,10/9/2024,32.73864631
celery,10/10/2024,32.05341993
celery,10/11/2024,33.63977224
celery,10/12/2024,33.38718097
celery,10/13/2024,33.58934092
celery,10/14/2024,34.05632052
celery,10/15/2024,35.05550226
celery,10/16/2024,34.25725235
celery,10/17/2024,34.48993718
celery,10/18/2024,35.28568449
celery,10/19/2024,35.37062338
celery,10/20/2024,35.11109838
celery,10/21/2024,35.28040194
celery,10/22/2024,34.44289667
celery,10/23/2024,34.76301714
celery,10/24/2024,35.03270272
celery,10/25/2024,35.72127945
celery,10/26/2024,36.12748885
celery,10/27/2024,35.67128219
celery,10/28/2024,35.75553362
celery,10/29/2024,36.00999355
celery,10/30/2024,34.61568067
celery,10/31/2024,34.36523273
celery,11/1/2024,34.46331427
celery,11/2/2024,35.02677264
celery,11/3/2024,35.27287424
celery,11/4/2024,36.58447409
celery,11/5/2024,36.83453163
celery,11/6/2024,36.45426733
celery,11/7/2024,36.82891983
celery,11/8/2024,37.68059845
celery,11/9/2024,37.61469585
celery,11/10/2024,37.39281793
celery,11/11/2024,37.28595468
celery,11/12/2024,35.74949719
celery,11/13/2024,36.52538392
celery,11/14/2024,36.48089451
celery,11/15/2024,35.31681709
celery,11/16/2024,35.46059699
celery,11/17/2024,36.87026173
celery,11/18/2024,36.33856185
celery,11/19/2024,37.29288123
celery,11/20/2024,37.34239846
celery,11/21/2024,36.95041097
celery,11/22/2024,36.55807774
celery,11/23/2024,36.90914744
celery,11/24/2024,37.02517665
celery,11/25/2024,36.91992104
celery,11/26/2024,37.1234095
celery,11/27/2024,38.24429666
celery,11/28/2024,38.53102494
celery,11/29/2024,38.90848579
celery,11/30/2024,39.10080533
celery,12/1/2024,39.57121366
celery,12/2/2024,39.770901
celery,12/3/2024,40.73461052
celery,12/4/2024,40.90097392
celery,12/5/2024,40.39478454
celery,12/6/2024,40.24548502
celery,12/7/2024,38.97022289
celery,12/8/2024,38.1297368
celery,12/9/2024,37.32836153
celery,12/10/2024,37.45520068
celery,12/11/2024,37.98419451
celery,12/12/2024,37.67188834
celery,12/13/2024,37.58206959
celery,12/14/2024,38.49902097
celery,12/15/2024,38.21142657
celery,12/16/2024,37.74163266
celery,12/17/2024,37.7428792
celery,12/18/2024,37.3802928
celery,12/19/2024,37.43869544
celery,12/20/2024,36.79294737
celery,12/21/2024,36.59818584
celery,12/22/2024,34.91234241
celery,12/23/2024,35.69516595
celery,12/24/2024,34.43103242
celery,12/25/2024,35.53550883
celery,12/26/2024,36.80567279
celery,12/27/2024,36.52270027
celery,12/28/2024,35.87351461
celery,12/29/2024,36.48067079
celery,12/30/2024,36.50332776
celery,12/31/2024,37.25914487
celery,1/1/2025,36.84465016
celery,1/2/2025,36.55808864
celery,1/3/2025,36.44220822
celery,1/4/2025,37.12878106
celery,1/5/2025,36.7990311
celery,1/6/2025,36.66222719
celery,1/7/2025,35.90590494
celery,1/8/2025,35.15845927
celery,1/9/2025,36.25912317
celery,1/10/2025,36.31184712
celery,1/11/2025,35.32029216
celery,1/12/2025,35.20287252
celery,1/13/2025,35.12334288
celery,1/14/2025,34.68585627
celery,1/15/2025,33.84768007
celery,1/16/2025,34.01724545
celery,1/17/2025,34.58240176
celery,1/18/2025,35.74088587
celery,1/19/2025,35.9057375
celery,1/20/2025,35.94715377
celery,1/21/2025,34.40998461
celery,1/22/2025,34.44177346
celery,1/23/2025,33.44477317
celery,1/24/2025,34.77011295
celery,1/25/2025,34.771855
celery,1/26/2025,34.20445902
celery,1/27/2025,32.62624365
celery,1/28/2025,32.8756639
celery,1/29/2025,33.42931277
celery,1/30/2025,33.07949305
celery,1/31/2025,33.52585891
celery,2/1/2025,33.53822921
celery,2/2/2025,33.38421213
celery,2/3/2025,32.9964918
celery,2/4/2025,31.39099429
celery,2/5/2025,29.95872604
celery,2/6/2025,31.78993358
celery,2/7/2025,31.19571517
celery,2/8/2025,31.18935314
celery,2/9/2025,31.7149953
celery,2/10/2025,32.86437763
celery,2/11/2025,33.2609235
celery,2/12/2025,32.48454509
celery,2/13/2025,33.67567862
celery,2/14/2025,34.6196447
celery,2/15/2025,34.04654136
celery,2/16/2025,34.75907263
celery,2/17/2025,33.40977345
celery,2/18/2025,33.56793068
celery,2/19/2025,33.22848417
celery,2/20/2025,33.73336247
celery,2/21/2025,34.71240194
celery,2/22/2025,36.44904091
celery,2/23/2025,35.64573227
celery,2/24/2025,35.95931167
celery,2/25/2025,35.42295828
celery,2/26/2025,34.79058319
celery,2/27/2025,35.73172246
celery,2/28/2025,36.74749514
celery,3/1/2025,37.33082119
celery,3/2/2025,37.1288567
celery,3/3/2025,37.29117689
celery,3/4/2025,37.18305738
celery,3/5/2025,36.17929244
celery,3/6/2025,35.107251
celery,3/7/2025,33.45072906
celery,3/8/2025,34.42471194
celery,3/9/2025,32.74793851
celery,3/10/2025,32.43874376
celery,3/11/2025,31.265747
celery,3/12/2025,32.13146022
celery,3/13/2025,32.41683278
celery,3/14/2025,33.05569666
celery,3/15/2025,32.94362788
celery,3/16/2025,32.00976653
celery,3/17/2025,31.24199323
celery,3/18/2025,32.87060625
celery,3/19/2025,33.7898887
celery,3/20/2025,33.37535274
celery,3/21/2025,35.09953221
celery,3/22/2025,35.58527752
celery,3/23/2025,35.63321649
celery,3/24/2025,36.46088092
celery,3/25/2025,34.88708623
celery,3/26/2025,35.2032292
celery,3/27/2025,35.36879939
celery,3/28/2025,35.67717882
celery,3/29/2025,35.37744626
celery,3/30/2025,35.00719517
celery,3/31/2025,34.81880757
celery,4/1/2025,35.90826101
celery,4/2/2025,34.66688814
celery,4/3/2025,34.78947275
celery,4/4/2025,35.132102
celery,4/5/2025,35.43056646
celery,4/6/2025,36.33432969
celery,4/7/2025,36.45423052
celery,4/8/2025,36.11786091
celery,4/9/2025,36.90878029
celery,4/10/2025,38.37747767
celery,4/11/2025,38.96102654
celery,4/12/2025,37.65770271
celery,4/13/2025,38.37660518
celery,4/14/2025,38.0715433
celery,4/15/2025,38.53566418
celery,4/16/2025,38.12136716
celery,4/17/2025,37.40122918
celery,4/18/2025,35.82646212
celery,4/19/2025,35.91195031
celery,4/20/2025,34.4678536
celery,4/21/2025,35.65743248
celery,4/22/2025,35.92947412
celery,4/23/2025,36.72653636
celery,4/24/2025,36.19164164
celery,4/25/2025,35.67597711
celery,4/26/2025,37.11643924
celery,4/27/2025,37.18360133
celery,4/28/2025,37.45844625
celery,4/29/2025,37.13387074
celery,4/30/2025,37.05271223
celery,5/1/2025,35.94882466
celery,5/2/2025,37.27125275
celery,5/3/2025,36.86714783
celery,5/4/2025,36.78166191
celery,5/5/2025,36.76264256
celery,5/6/2025,35.96835241
celery,5/7/2025,34.66407203
celery,5/8/2025,35.69408103
celery,5/9/2025,35.6381862
celery,5/10/2025,37.02958249
celery,5/11/2025,37.12017454
celery,5/12/2025,36.54864077
celery,5/13/2025,36.89871868
celery,5/14/2025,36.75676151
celery,5/15/2025,35.86605847
celery,5/16/2025,37.11055143
celery,5/17/2025,36.61006358
celery,5/18/2025,35.19448569
celery,5/19/2025,35.10235453
celery,5/20/2025,35.23063789
celery,5/21/2025,33.51822706
celery,5/22/2025,32.5678149
celery,5/23/2025,33.35454215
celery,5/24/2025,34.99959788
celery,5/25/2025,34.16100912
celery,5/26/2025,34.01958927
celery,5/27/2025,34.92511295
celery,5/28/2025,35.77184637
celery,5/29/2025,34.46640806
celery,5/30/2025,34.27855503
celery,5/31/2025,34.78006008
celery,6/1/2025,33.81354916
celery,6/2/2025,33.88152777
celery,6/3/2025,33.79993517
celery,6/4/2025,33.22778379
celery,6/5/2025,35.00313552
celery,6/6/2025,35.54507691
celery,6/7/2025,35.75055241
celery,6/8/2025,36.22116995
celery,6/9/2025,36.83067258
celery,6/10/2025,36.69731986
celery,6/11/2025,37.23707762
celery,6/12/2025,37.0272389
celery,6/13/2025,38.46829587
celery,6/14/2025,40.15817643
celery,6/15/2025,40.95675914
celery,6/16/2025,41.46434199
celery,6/17/2025,40.34402873
celery,6/18/2025,40.34105757
celery,6/19/2025,40.83924836
celery,6/20/2025,40.79565915
celery,6/21/2025,40.97584381
celery,6/22/2025,41.83882497
celery,6/23/2025,41.07494353
celery,6/24/2025,40.983108
celery,6/25/2025,39.98493054
celery,6/26/2025,38.83396075
celery,6/27/2025,40.424619
celery,6/28/2025,39.35711634
celery,6/29/2025,38.86931139
celery,6/30/2025,39.30478485
celery,7/1/2025,39.4628637
celery,7/2/2025,39.94643043
celery,7/3/2025,41.02981552
celery,7/4/2025,42.05833449
celery,7/5/2025,42.32098029
celery,7/6/2025,42.98563185
celery,7/7/2025,42.97115199
celery,7/8/2025,43.36384956
celery,7/9/2025,43.08555523
celery,7/10/2025,44.04337842
celery,7/11/2025,45.47170965
celery,7/12/2025,45.33043606
celery,7/13/2025,45.98350442
celery,7/14/2025,46.35465959
celery,7/15/2025,46.52308778
celery,7/16/2025,47.51635299
celery,7/17/2025,48.00468622
celery,7/18/2025,47.58465122
celery,7/19/2025,47.70135983
celery,7/20/2025,47.69800528
celery,7/21/2025,48.53177814
celery,7/22/2025,48.29651259
celery,7/23/2025,47.82736258
celery,7/24/2025,47.38546928
celery,7/25/2025,48.03732526
celery,7/26/2025,48.1169521
celery,7/27/2025,47.64521436
celery,7/28/2025,46.75434807
celery,7/29/2025,47.75292503
celery,7/30/2025,48.22842713
celery,7/31/2025,49.3234896
celery,8/1/2025,48.54128095
celery,8/2/2025,47.35548919
celery,8/3/2025,47.98452658
celery,8/4/2025,48.75806594
celery,8/5/2025,47.5513253
celery,8/6/2025,45.82870487
celery,8/7/2025,44.87494685
celery,8/8/2025,45.10101367
celery,8/9/2025,44.52725654
celery,8/10/2025,43.44507554
celery,8/11/2025,42.23251929
celery,8/12/2025,42.05480255
celery,8/13/2025,41.91143666
celery,8/14/2025,40.9961401
celery,8/15/2025,41.966827
celery,8/16/2025,42.14311975
celery,8/17/2025,43.65804039
celery,8/18/2025,44.40517259
celery,8/19/2025,43.94338619
celery,8/20/2025,43.24315999
celery,8/21/2025,43.16522245
celery,8/22/2025,44.13251212
celery,8/23/2025,44.052256
celery,8/24/2025,45.17616209
celery,8/25/2025,45.64297984
celery,8/26/2025,46.18922126
celery,8/27/2025,45.73818716
celery,8/28/2025,46.96867654
celery,8/29/2025,46.1997524
celery,8/30/2025,46.94486399
celery,8/31/2025,46.05621097
celery,9/1/2025,47.40861888
celery,9/2/2025,48.48246781
celery,9/3/2025,49.54157848
celery,9/4/2025,49.1452883
celery,9/5/2025,49.25055318
celery,9/6/2025,49.28356693
celery,9/7/2025,49.16166284
celery,9/8/2025,48.94221242
celery,9/9/2025,47.89768176
celery,9/10/2025,47.47008334
celery,9/11/2025,47.74319666
celery,9/12/2025,48.71916672
celery,9/13/2025,50.0387699
celery,9/14/2025,50.77355722
celery,9/15/2025,50.13703754
celery,9/16/2025,52.04692212
celery,9/17/2025,52.29071323
celery,9/18/2025,51.62012017
celery,9/19/2025,51.56095334
celery,9/20/2025,52.91266601
celery,9/21/2025,53.03507989
celery,9/22/2025,52.96692205
celery,9/23/2025,52.50087063
celery,9/24/2025,53.81494846
celery,9/25/2025,53.20280526
celery,9/26/2025,53.36958258
celery,9/27/2025,52.66200853
celery,9/28/2025,51.49379411
celery,9/29/2025,51.90124773
celery,9/30/2025,52.96180143
celery,10/1/2025,54.63667091
